{
    "HPDelta": {
        "2": [13.548, 15.2415, 16.935],
        "3": [20.322, 22.862253, 25.402506],
        "4": [27.096, 30.483, 33.87],
        "5": [33.87, 38.103755, 42.33751]
    },
    "AttackDelta": {
        "2": [6.774, 7.62075, 8.4675],
        "3": [10.161, 11.431126, 12.701252],
        "4": [13.548, 15.2415, 16.935],
        "5": [16.935, 19.051877, 21.168754]
    },
    "DefenceDelta": {
        "2": [16.774, 7.62075, 8.4675],
        "3": [10.161, 11.431126, 12.701252],
        "4": [13.548, 15.2415, 16.935],
        "5": [16.935, 19.051877, 21.168754]
    },
    "HPAddedRatio": {
        "2": [0.013824, 0.015552, 0.01728],
        "3": [0.020736, 0.023328, 0.02592],
        "4": [0.027648, 0.031104, 0.03456],
        "5": [0.03456, 0.03888, 0.0432]
    },
    "AttackAddedRatio": {
        "2": [0.013824, 0.015552, 0.01728],
        "3": [0.020736, 0.023328, 0.02592],
        "4": [0.027648, 0.031104, 0.03456],
        "5": [0.03456, 0.03888, 0.0432]
    },
    "DefenceAddedRatio": {
        "2": [0.01728, 0.01944, 0.0216],
        "3": [0.02592, 0.02916, 0.0324],
        "4": [0.03456, 0.03888, 0.0432],
        "5": [0.0432, 0.0486, 0.054]
    },
    "SpeedDelta": {
        "2": [1.0, 1.1, 1.2],
        "3": [1.2, 1.3, 1.4],
        "4": [1.6, 1.8, 2.0],
        "5": [2.0, 2.3, 2.6]
    },
    "CriticalChanceBase": {
        "2": [0.010368, 0.011664, 0.01296],
        "3": [0.015552, 0.017496, 0.01944],
        "4": [0.020736, 0.023328, 0.02592],
        "5": [0.02592, 0.02916, 0.0324]
    },
    "CriticalDamageBase": {
        "2": [0.020736, 0.023328, 0.02592],
        "3": [0.031104, 0.034992, 0.03888],
        "4": [0.041472, 0.046656, 0.05184],
        "5": [0.05184, 0.05832, 0.0648]
    },
    "StatusProbabilityBase": {
        "2": [0.013824, 0.015552, 0.01728],
        "3": [0.020736, 0.023328, 0.02592],
        "4": [0.027648, 0.031104, 0.03456],
        "5": [0.03456, 0.03888, 0.0432]
    },
    "StatusResistanceBase": {
        "2": [0.013824, 0.015552, 0.01728],
        "3": [0.020736, 0.023328, 0.02592],
        "4": [0.027648, 0.031104, 0.03456],
        "5": [0.03456, 0.03888, 0.0432]
    },
    "BreakDamageAddedRatioBase": {
        "2": [0.020736, 0.023328, 0.02592],
        "3": [0.031104, 0.034992, 0.03888],
        "4": [0.041472, 0.046656, 0.05184],
        "5": [0.05184, 0.05832, 0.0648]
    }
}
